When are you taking this survey?,Is this your first time in a Data Carpentry workshop as a learner?,"What is your domain of research (i.e. microbiology, ecology, social science, humanities, etc)",Which of the following describes your current status?,Column2,Are you age 18 or above?,Rate your level of involvement in the activities of this workshop.,How much practical knowledge have you gained from this workshop?,Compared to before the workshop I have a better understanding of how to...,Column3,Column4,Column5,Column6,Column7,Column8,Column9,"Please rate the level of your data management and analysis skills <span style=""text-decoration: underline;"">prior</span> to the workshop.","Please rate your level of data management and analysis skills <span style=""text-decoration: underline;"">following</span> the workshop.",Please rate your level of agreement with the following statements,Column10,Column11,Column12,I can immediately apply what I learned at this workshop.,This workshop was worth my time.,The material presented matched the workshop description.,I would recommend this workshop to a friend or colleague.,Please answer the following questions.,Column13,Column14,Column15,Was the workshop held in the United States?
Response,Response,Open-Ended Response,Response,Other (please specify),Response,Response,Response,Effectively organize data in spreadsheets,Use OpenRefine for data cleaning,Import a file into Python and work with the data,Import a file into R and work with the data,Do initial visualizations in Python,Do initial visualizations in R,Construct a SQL query statement,Use the command line,Response,Response,Data organization is a fundamental component of effective and reproducible research.,Using a scripting language like R or Python can ultimately improve my analysis efficiency,Using R or Python makes analyses easier to reproduce,"A value of using SQL, R or Python is that the underlying data cannot accidentally be changed",Response,Response,Response,Response,Could you get clear answers to your questions from the instructors?,Were the instructors considerate to you?,Were the instructors effective in teaching in the workshop?,Were the instructors enthusiastic about the workshop?,Response
2,1,"microbiology, ecology, bioinformatics",2,,1,2,1,5,5,5,6,5,6,5,6,1,2,5,5,5,5,3,5,5,5,5,5,4,5,2
2,1,Biochemistry,2,,1,2,1,5,5,5,6,5,6,5,5,2,3,5,5,4,3,4,5,5,5,4,5,5,5,2
2,1,Plant Genetics,2,,1,2,1,4,5,5,6,5,6,4,4,2,3,4,4,4,4,4,5,5,5,5,5,5,5,2
2,1,Sports Science,2,,1,2,2,2,4,4,6,4,6,4,4,4,1,5,5,5,5,4,3,2,3,2,2,2,3,2
2,1,transport,3,,1,3,1,6,5,5,6,5,6,5,6,3,4,5,5,5,5,5,5,5,5,5,5,5,5,2
2,1,Psychology,3,,1,2,2,4,4,5,6,2,6,5,5,3,2,5,4,3,2,4,5,5,4,4,5,5,5,2
1,1,plant molecular biology,2,,1,2,2,4,4,4,6,4,6,4,6,2,3,5,5,5,5,4,4,4,4,5,5,5,5,2
2,,,,,,,,,,,,,,,,,,,,,,,,,,,,,,
2,1,"Economics, real estate specificaly",0,municipal government,1,2,2,6,6,6,2,6,2,6,2,4,1,5,5,5,5,3,4,4,4,5,5,4,5,2
2,1,Astronomy,2,,1,3,1,3,3,3,5,4,5,2,5,4,3,5,4,5,3,4,5,5,5,3,4,4,5,2
2,1,ecology,2,,1,3,2,3,2,3,4,4,4,2,3,4,3,4,4,4,4,4,4,4,4,5,5,5,5,2
2,1,Biology,2,,1,2,2,6,6,4,1,4,1,6,6,4,2,4,5,5,3,,2,2,3,2,4,1,2,2
2,2,Molecular Evolution,2,,1,2,1,4,6,5,5,5,5,6,5,3,2,5,5,5,5,5,5,4,5,5,5,4,5,2
2,1,Biology,2,,1,1,2,6,6,4,6,4,6,6,3,4,2,4,4,4,4,3,4,4,4,4,5,4,3,2
2,1,Ecology,2,,1,2,1,5,2,4,4,4,4,4,2,2,2,4,4,4,4,2,4,4,4,3,5,4,4,2
2,1,MRI physics,6,,1,3,1,6,6,1,1,1,1,6,1,4,4,1,1,1,1,1,1,1,1,5,5,5,5,2
2,1,Biology,2,,1,2,2,4,2,4,4,4,4,2,4,3,1,4,4,4,4,3,3,4,4,3,3,3,4,2
2,1,ecology,2,,1,2,2,,,,,,,,,,,,,,,,,,,,,,,
1,1,statistics,6,,1,3,2,3,4,1,3,1,5,3,3,4,2,3,3,3,3,5,4,4,4,5,5,3,3,1
2,1,Biomedical informatics,2,,1,2,2,3,3,3,3,3,5,4,3,4,2,5,5,5,4,4,4,4,4,5,5,5,5,1
2,1,,6,,1,3,1,5,5,3,5,3,5,5,5,4,4,5,5,5,2,5,5,5,5,5,5,5,5,1
2,1,aquatic science,2,,1,3,1,4,5,2,2,1,5,5,5,2,2,5,5,5,4,5,5,4,4,5,5,5,5,1
2,1,Wildlife ecology,2,,1,2,2,4,4,1,3,1,5,5,5,3,3,4,4,5,5,4,3,5,5,1,5,5,5,1
2,,,,,,,,,,,,,,,,,,,,,,,,,,,,,,
2,1,Ecology,2,,1,3,1,5,4,6,5,6,5,5,6,2,4,5,5,5,5,5,5,5,5,5,5,5,5,1
1,1,Biochemistry,3,,1,1,1,3,5,6,5,6,5,3,3,5,2,5,5,5,5,5,5,5,5,4,5,5,5,1
1,1,ecology,2,,1,3,1,4,5,6,5,6,5,5,6,2,3,5,5,5,5,4,5,5,5,5,5,5,5,1
2,1,Wildlife Ecology and Conservation,0,Wildlife Ecology and Conservation,1,1,1,5,5,6,5,6,5,5,5,2,4,5,5,5,4,4,5,5,5,5,5,5,5,1
2,1,molecular oncology,3,,1,2,2,4,4,3,4,3,4,3,3,1,2,4,3,3,3,3,4,4,4,4,5,5,5,2
1,1,biochemistry; bioinformatics (moderate experience),6,,1,1,1,6,6,3,4,4,4,6,4,4,2,4,5,5,4,4,4,4,4,3,3,4,5,1
1,1,,2,,1,2,1,5,4,5,5,5,5,6,5,3,2,4,4,4,4,4,5,4,4,5,5,5,5,1
1,2,Cancer Research,3,,1,3,1,4,4,5,5,4,4,1,5,3,2,4,5,5,4,2,5,5,5,5,5,5,5,1
1,1,Ecology & evolutionary Biology,2,,1,1,2,3,3,3,3,3,3,3,3,3,2,5,5,5,5,3,3,2,3,5,5,5,5,1
2,1,Assessment,6,,1,2,2,5,3,6,3,6,3,3,6,2,2,5,4,3,4,4,5,5,5,5,5,4,5,1
2,1,Molecular oncology,3,,1,2,2,4,5,6,4,6,4,,,3,2,5,4,4,3,3,4,4,4,,,,,2
2,1,Molecular and cancer biology,3,,2,2,1,5,5,3,5,3,5,3,5,3,3,4,4,4,4,4,4,5,4,5,5,5,5,2
2,1,Cell biology,3,,1,3,2,5,5,6,4,6,4,6,4,3,2,5,5,4,4,2,5,5,5,5,5,5,5,2
2,1, molecular biology,3,,1,2,2,5,5,2,5,2,5,2,3,1,2,4,4,4,4,4,2,4,4,4,4,4,4,2
2,1,Molecular Biology,3,,1,2,1,5,5,6,4,6,4,6,4,2,3,5,4,4,4,3,4,4,4,5,5,5,5,2
2,1,Ethology,2,,1,3,2,3,5,1,3,1,4,5,5,3,2,5,4,5,2,4,3,2,3,4,5,5,5,2
1,1,,1,,1,,,,,,,,,,,,,,,,,,,,,,,,,1
2,1,Ethology,0,PhD student,1,2,2,3,2,6,3,6,4,2,3,3,1,4,5,5,4,2,4,2,3,5,5,5,5,2
2,1,Chemical Ecology,2,,1,2,2,4,3,6,2,6,2,5,4,3,2,4,4,4,2,4,4,3,4,4,4,4,4,2
2,1,Biochemistry,6,,1,3,2,4,4,3,4,3,4,3,4,2,2,5,4,4,4,4,,4,4,5,5,5,5,2
2,1,behavioural ecology,2,,1,3,1,5,4,6,5,6,5,4,6,1,3,5,4,4,2,4,4,4,4,5,5,5,5,2
2,1,Chemical ecology,2,,1,2,2,3,4,6,4,6,4,3,4,3,3,5,4,4,4,4,4,4,4,4,5,5,5,2
2,1,ecology,2,,1,3,2,3,5,6,3,6,3,5,6,4,3,5,5,5,5,5,5,4,5,5,5,5,5,2
2,1,,2,,1,1,2,,,,,,,,,,,,,,,,,,,,,,,
2,1,biology,3,,1,2,2,4,4,2,4,2,4,3,4,2,2,4,4,4,4,3,2,4,4,4,4,4,4,2
2,1,Cancer research,6,,1,2,1,3,5,6,4,6,4,6,4,3,2,5,4,3,3,4,5,5,5,5,5,5,5,2
1,1,cancer,3,,1,2,2,4,4,4,4,4,4,4,4,2,2,5,5,5,4,3,4,4,4,4,4,4,4,2
2,1,cellular biology,3,,1,2,2,5,4,3,5,3,5,3,4,2,3,5,4,4,4,4,5,4,4,5,5,4,4,2
2,1,Molecular biology,2,,1,2,2,4,4,1,4,1,4,3,4,3,3,5,3,3,4,2,4,4,4,4,4,2,3,2
2,1,microbiology,2,,1,2,1,,,,,,,,,,,,,,,,,,,,,,,
2,1,molecular biology,3,,1,2,2,4,4,2,4,2,4,4,4,3,2,5,3,3,4,2,4,4,4,4,3,2,3,2
1,,,,,,,,,,,,,,,,,,,,,,,,,,,,,,
2,,Biochemistry ,2,,1,3,1,4,6,6,5,6,5,6,5,3,4,5,5,5,4,5,5,3,5,5,4,3,3,2
2,2,Microbiology,3,,1,2,2,4,6,6,5,6,5,6,5,3,3,5,5,5,4,3,4,4,4,4,5,5,5,2
1,1,Microbiology,6,,1,1,2,3,3,1,4,1,5,1,3,3,2,5,5,4,5,3,1,1,1,5,5,5,5,2
2,1,microbiology,2,,1,3,1,3,6,6,5,6,5,6,5,3,4,5,5,5,5,5,5,5,5,5,5,5,5,2
1,,,,,,,,,,,,,,,,,,,,,,,,,,,,,,
1,1,Biotechnology,0,Visiting Scholar,1,1,1,4,4,4,4,3,4,3,4,2,2,5,5,5,1,4,5,5,5,5,5,5,5,1
1,1,Immunology,2,,1,1,2,4,4,6,6,6,6,6,5,1,2,4,4,4,4,3,4,4,4,3,3,3,3,1
1,2,developmental genetics,3,,1,2,1,3,6,6,6,6,6,6,5,2,3,4,1,1,1,4,5,5,5,4,5,5,5,1
1,1,,3,,1,1,1,4,1,1,1,1,1,1,6,3,3,4,5,4,4,3,5,5,5,5,5,5,5,1
1,1,,,,,,,,,,,,,,,,,,,,,,,,,,,,,
1,1,immunology,6,,1,3,1,4,3,3,3,2,2,2,5,1,3,5,4,5,3,3,5,5,5,5,5,5,5,1
1,2,Mol bio and Hematology,6,,1,3,1,3,4,6,6,6,6,6,5,3,2,4,4,4,3,4,4,4,4,5,5,4,5,1
1,1,system genetics,2,,1,2,2,4,6,6,6,6,6,6,4,1,2,5,3,3,3,3,5,4,5,5,5,5,5,1
2,1,Applied Statistics,2,,1,3,2,5,6,6,6,6,6,6,4,4,2,5,5,5,5,5,5,5,5,5,5,5,5,1
1,1,genomics,6,,1,2,2,3,3,4,3,3,3,3,4,3,2,4,4,4,4,3,4,5,4,5,5,5,5,1
1,1,hematology,4,,1,3,1,6,6,6,6,6,6,6,5,2,3,5,5,5,5,3,5,5,5,5,5,5,5,1
1,1,genetic eye disorders,6,,1,2,2,4,4,4,4,4,4,4,4,2,2,4,4,4,4,4,4,4,4,4,4,4,5,1
1,2,,,,,,,,,,,,,,,,,,,,,,,,,,,,,
1,1,hematology,,,1,2,2,2,6,6,6,6,6,6,6,1,2,5,3,,3,3,4,4,4,4,5,4,5,1
2,,,,,,,,,,,,,,,,,,,,,,,,,,,,,,
2,,,,,,,,,,,,,,,,,,,,,,,,,,,,,,
2,1,Microbiology,2,,1,2,1,5,3,1,5,1,5,3,5,3,3,5,5,5,4,4,5,4,5,4,5,4,5,2
2,1,plant genetics,4,,1,2,1,5,6,6,4,2,3,6,5,2,3,5,5,5,3,4,5,3,5,5,5,4,5,1
1,,,,,,,,,,,,,,,,,,,,,,,,,,,,,,
2,1,biochemistry,2,,1,3,1,,,,,,,,,,,,,,,,,,,,,,,
1,1,Computational Toxicology,4,,1,2,1,,,,,,,,,,,,,,,,,,,,,,,
1,,,,,,,,,,,,,,,,,,,,,,,,,,,,,,
1,,,,,,,,,,,,,,,,,,,,,,,,,,,,,,
1,1,Microbiology,1,,1,1,1,6,6,6,5,6,5,6,5,2,2,4,5,5,4,4,5,5,5,5,5,5,5,1
1,1,Biochemistry,2,,1,3,1,5,6,6,5,6,5,6,5,1,3,4,4,4,4,4,5,5,5,4,4,4,4,2
1,1,,3,,1,3,1,4,4,3,4,3,4,3,4,2,2,4,4,4,4,4,4,4,4,5,5,5,5,2
1,1,Microbiology,2,,1,3,2,3,2,2,2,2,2,2,3,2,3,5,5,5,3,4,4,5,5,5,5,5,5,2
1,1,Microbiology ,2,,1,3,1,4,6,6,4,6,4,,4,4,2,5,5,5,4,,4,4,4,5,4,4,5,2
2,1,microbiology,2,,1,3,1,2,4,3,5,3,5,3,4,3,2,4,4,4,5,4,5,4,4,5,5,5,5,2
1,2,Microbiology,4,,1,2,1,4,4,6,5,6,5,6,5,2,3,5,5,5,3,4,4,4,4,5,5,5,5,2
1,1,biochemistry,2,,1,3,1,4,6,6,4,6,4,6,4,2,2,5,5,5,5,4,5,4,4,5,5,5,5,2
1,1,Biochemistry,4,,1,3,1,5,4,6,4,6,4,6,4,2,3,5,5,5,4,4,5,5,5,5,5,5,5,2
1,1,Biochemistry,2,,1,2,1,1,1,6,1,6,1,6,1,1,4,1,1,1,1,4,5,5,5,5,5,5,5,2
2,1,fisheries ecology,4,,1,3,2,2,5,1,2,1,3,4,2,5,2,5,5,5,4,4,4,4,4,5,5,4,5,1
1,1,fisheries science,6,,1,1,2,4,4,6,4,6,4,4,4,2,1,4,5,5,4,4,4,4,3,3,5,4,4,1
1,1,biology,6,,1,2,2,3,5,6,4,6,4,4,4,3,2,5,5,5,5,4,4,4,4,5,5,4,5,1
2,1,Ecology,2,,1,3,1,4,5,6,5,6,5,5,3,3,2,5,5,5,5,5,5,5,5,5,5,5,5,1
1,1,Fisheries science,0,State Fish and Wildlife employee,1,2,2,3,5,6,5,6,4,5,5,4,2,5,3,4,5,4,4,4,4,5,5,4,5,1
1,1,fisheries biology,,,1,2,2,4,4,2,4,2,4,4,4,1,2,5,4,4,5,3,5,4,4,4,5,5,5,1
1,1,coastal processes,0,PostBac,1,2,1,4,5,6,5,6,5,5,6,3,2,4,4,4,4,4,4,4,4,5,5,5,5,1
1,1,ecology,4,,1,2,1,4,4,2,3,2,4,4,4,3,3,5,5,5,4,5,4,4,4,5,5,5,5,1
1,,,,,,,,,,,,,,,,,,,,,,,,,,,,,,
1,1,Ecology and Genetics,6,,1,2,1,4,4,6,5,6,5,4,4,3,2,5,5,5,5,4,4,4,4,5,5,5,5,1
1,1,ecology,4,,1,2,2,4,4,6,5,6,5,5,6,4,3,5,5,5,5,4,4,4,4,3,5,3,4,1
1,1,Water Resources Engineering,2,,1,3,1,4,5,6,5,6,4,4,6,3,3,5,5,5,4,4,5,5,5,5,5,5,4,1
2,1,biology,4,,1,2,2,3,4,6,4,6,4,4,6,4,1,5,5,5,4,4,4,3,4,5,5,4,,1
1,1,Oceanography,2,,1,3,1,3,4,6,5,6,4,5,3,3,3,5,4,5,4,5,5,4,5,5,5,5,5,1
1,1,Fisheries ecology,4,,1,2,1,5,5,6,5,6,5,5,5,3,3,5,5,5,5,5,5,5,5,4,5,5,5,1
2,1,Astrophysics,3,,1,2,1,3,5,6,5,6,5,5,6,4,2,5,5,5,5,3,5,5,5,4,5,4,4,2
2,1,ecology & social science,0,Research Associate,1,2,2,4,4,4,4,6,4,4,4,3,3,5,5,5,5,4,5,5,5,5,5,5,5,1
1,,,,,,,,,,,,,,,,,,,,,,,,,,,,,,
2,1,library and information studies,4,,1,1,2,3,4,6,1,6,1,4,6,3,1,4,2,2,4,2,2,4,,3,3,3,5,1
2,1,Biology education,2,,1,2,1,4,4,6,4,6,4,4,6,1,2,5,5,5,3,3,5,5,,5,5,5,5,1
2,1,Social Science,4,,1,2,2,5,4,6,4,6,3,4,6,2,2,5,4,4,4,3,4,2,,3,5,2,5,1
2,1,,2,,1,2,2,3,5,3,3,5,5,3,3,4,1,5,3,4,1,,4,2,,5,4,5,5,1
2,1,marine biology,1,,1,3,1,5,3,3,5,3,5,3,3,4,4,4,4,4,2,5,5,5,,5,5,5,5,1
1,1,Biomedical Engineering,2,,1,2,1,,,,,,,,,,,,,,,,,,,,,,,
2,1,statistics,2,,1,2,2,5,5,6,4,6,5,5,5,4,3,5,5,5,5,4,5,4,,5,5,5,5,1
2,1,Wildlife Biology,6,,1,2,2,4,5,6,4,6,4,4,6,2,3,4,3,4,4,4,4,4,,4,5,4,5,1
2,1,ecology and conservation biology,2,,1,2,1,3,5,6,5,6,5,5,4,3,3,5,5,5,5,5,5,5,,4,5,4,5,1
2,1,geoscience,2,,1,3,2,4,4,2,4,2,4,2,3,3,2,5,5,5,3,2,4,4,,5,3,4,5,1
2,1,public policy,6,,1,3,1,5,5,6,5,6,5,5,5,4,3,5,5,5,5,5,5,5,,5,5,5,5,1
2,1,"natural resource monitoring, management",6,,1,2,1,3,5,6,5,6,5,5,4,4,2,5,4,5,5,4,5,5,,4,5,4,5,1
2,1,spatial temporal statistics,2,,1,2,1,5,5,6,5,6,5,5,5,2,2,5,4,4,4,4,5,5,,5,4,5,5,1
2,1,Immunology,3,,1,2,1,4,4,1,4,1,5,4,2,3,2,4,4,5,5,4,4,5,,5,5,5,5,1
2,1,Marine Affairs,2,,1,3,2,3,5,6,3,6,4,5,6,4,2,4,4,5,3,4,4,4,,5,5,5,5,1
2,1,Immuno-informatics,0,Staff and Grad student,1,3,1,4,5,6,4,6,6,5,5,3,2,4,4,4,5,4,5,4,,4,5,5,5,1
2,1,Socioecoloigcal systems,2,,1,3,1,5,6,6,6,5,5,6,6,3,3,5,5,5,5,5,5,5,,5,5,4,4,2
2,1,Genetics,2,,1,3,1,5,5,5,5,5,5,5,5,2,2,5,5,5,5,5,5,5,,5,5,4,5,2
2,1,,6,,1,3,1,4,5,6,5,6,5,5,5,4,3,5,5,5,2,5,5,5,,5,5,5,5,1
2,,,,,,,,,,,,,,,,,,,,,,,,,,,,,,
2,1,social science,6,,1,2,2,4,4,6,4,6,4,4,4,2,2,4,4,3,5,4,4,4,,4,5,4,5,1
1,1,Biochemistry,2,,1,2,1,4,5,6,5,6,4,5,3,3,3,5,5,5,5,4,4,4,,4,5,4,5,1
1,1,psychiatry,6,,1,2,2,4,4,6,5,6,5,5,6,4,2,5,5,5,5,4,4,5,,5,5,5,5,1
1,1,ecology,2,,1,2,1,4,4,6,4,6,4,4,4,3,3,5,5,5,2,4,5,5,,4,5,5,5,1
1,1,Microbiology/biophysics,2,,1,2,1,5,5,6,5,6,5,5,6,2,3,5,4,5,5,4,5,5,,5,5,5,5,1
1,1,social science,6,,1,1,2,4,5,1,5,1,4,4,1,3,2,4,4,3,4,3,4,5,,4,5,4,5,1
1,1,neuroscience ,2,,1,3,2,4,4,1,4,1,4,4,4,3,3,4,4,4,4,5,5,5,,5,5,5,5,1
1,1,Biophysics,2,,1,2,1,4,4,6,5,6,5,4,4,2,3,5,5,5,5,5,5,5,,5,5,5,5,1
1,1,Ecology,2,,1,3,2,3,4,6,3,6,5,5,6,3,2,5,5,5,5,5,5,5,,4,5,5,5,1
2,1,Math,4,,1,2,2,4,6,6,4,6,4,4,6,2,2,4,4,4,4,3,4,4,,4,5,3,3,1
2,1,healthcare,2,,1,1,3,3,4,1,5,1,4,4,1,3,1,4,4,4,4,4,2,4,,5,5,2,3,1
1,2,,2,,1,1,2,,,,,,,,,,,,,,,,,,,,,,,
1,1,Advancement,6,,1,1,2,4,5,6,3,6,4,4,4,4,2,5,4,4,4,4,4,4,,3,3,3,3,1
1,1,n/a,6,,1,2,2,5,4,6,5,6,5,5,5,4,2,5,5,5,5,4,,5,,5,5,5,5,1
1,2,marine science,2,,1,3,1,4,4,6,5,6,5,5,5,2,3,5,5,5,5,5,4,4,,5,5,5,5,1
1,1,evolutionary biology,2,,1,2,2,3,4,6,2,6,4,5,2,3,2,5,5,5,5,3,3,3,,3,5,3,3,1
1,1,Molecular bioscience,3,,1,3,1,3,6,4,6,4,6,6,3,4,3,5,4,4,5,4,4,4,,5,5,5,5,2
2,1,energies,2,,1,1,2,4,6,5,6,5,6,4,4,3,3,5,5,5,4,4,4,5,,5,5,5,5,2
1,1,Health sciences,2,,1,2,2,6,6,6,6,4,6,6,4,2,2,4,4,4,4,4,5,5,,5,5,4,4,2
1,1,,6,,1,1,1,4,,5,6,5,6,5,,3,2,5,5,5,5,4,1,5,,4,4,4,5,2
1,1,Business,2,,1,2,2,5,5,5,4,5,3,5,4,3,3,4,5,4,4,4,4,4,,4,4,4,4,2
1,,,,,,,,,,,,,,,,,,,,,,,,,,,,,,
1,1,Social Science,1,,1,2,2,4,3,4,6,5,6,4,5,2,2,4,4,4,4,4,4,5,,5,5,5,5,2
1,1,Epidemiology,2,,1,2,2,3,6,4,6,4,6,5,6,4,3,5,5,5,4,4,4,4,,4,4,3,5,2
1,1,Water Resources Engineering,0,Hydrologist,1,3,1,4,4,5,6,6,6,5,5,3,2,4,5,5,5,4,5,5,,4,5,5,5,2
1,1,Engineering,2,,1,3,1,4,3,4,,5,,5,5,2,2,5,5,5,5,4,5,5,,5,5,5,5,2
2,1,,6,,1,1,2,3,4,6,4,6,4,3,4,4,2,4,4,4,4,2,4,2,,3,4,3,4,1
2,1,Economics,6,,1,2,2,4,5,6,4,6,4,5,4,3,2,5,5,5,5,3,4,4,,5,5,5,5,1
2,1,Finance and banking,0,Analyst,1,1,2,3,5,6,5,6,4,3,3,4,2,5,4,5,5,4,4,5,,5,5,4,5,1
2,1,Economics,0,Research Assistant,1,2,2,6,4,6,2,6,2,4,6,4,1,4,4,4,4,4,3,3,,5,5,2,4,1
2,1,Economics,6,,1,2,1,3,4,6,4,6,4,4,3,3,2,5,5,5,5,5,4,4,,4,5,4,4,1
1,1,N/A,0,Technology Analyst,1,2,2,6,5,6,5,6,5,5,5,4,2,5,5,5,1,4,5,5,,5,5,5,5,1
1,1,Economics,6,,1,2,2,5,5,6,2,6,2,4,2,1,2,5,3,3,3,3,3,4,,4,5,5,,1
1,1,economics,6,,1,1,2,3,5,6,4,6,3,4,4,3,1,5,3,3,4,3,4,3,,4,5,4,4,1
1,1,Economics,6,,1,2,2,,,,,,,,,,,,,,,,,,,,,,,
1,1,economics,0,Research Assistant,1,1,2,4,5,6,5,6,5,5,6,4,2,5,5,5,5,4,4,5,,5,5,5,3,1
1,1,social sciences,1,,1,1,2,4,4,4,4,2,4,4,4,1,3,4,4,4,4,3,5,5,,4,5,5,5,1
1,1,economics,6,,1,1,2,4,5,6,4,6,4,5,4,4,2,5,4,4,4,2,4,4,,4,5,3,5,1
2,1,Biochemistry,1,,,2,2,4,2,6,4,6,4,4,6,2,2,4,4,4,4,3,4,4,,3,4,3,5,1
2,1,Biochemistry,3,,,2,1,4,4,6,5,6,5,5,4,4,3,5,5,5,4,4,5,5,,5,5,5,5,1
1,1,Microbiology & immunology,2,,,3,1,4,5,6,4,6,5,5,6,2,3,5,5,5,4,5,5,4,,4,5,4,5,1
1,1,neurobiology,3,,,2,1,4,4,6,5,6,5,5,6,4,2,4,5,5,4,5,5,4,,5,5,5,5,1
1,1,Cell and Molecular Biology,2,,,2,1,5,5,6,5,6,5,5,5,2,2,5,5,5,3,4,1,1,,5,5,5,5,1
2,1,genetics,2,,,3,1,4,5,5,5,5,5,5,5,3,1,5,5,5,5,4,5,5,,3,4,4,5,1
1,1,Microbiology and Immunology,2,,,2,2,4,5,6,5,6,5,5,6,3,3,5,4,5,4,3,4,4,,5,5,4,5,1
1,1,genomics,2,,,3,1,4,6,6,5,6,5,6,5,3,3,5,5,5,4,5,5,5,,4,5,5,5,2
1,1,genetics,2,,,2,1,4,6,6,5,6,5,6,5,3,2,5,5,5,3,4,5,5,,5,5,5,5,1
1,1,MOlecular Ecology and Evolution,2,,,2,1,5,5,5,5,5,5,5,5,3,2,4,5,5,5,5,5,5,,5,5,5,5,2
1,1,Resource enhancement,2,,,2,2,4,6,6,4,6,4,6,4,3,2,4,3,4,3,3,4,4,,4,5,4,5,2
2,1,marine biology ,2,,,2,1,5,4,6,4,6,5,6,5,2,3,5,5,5,4,4,1,,,5,5,5,5,2
1,1,evolution,2,,,1,1,6,6,6,5,6,5,6,5,3,2,5,5,3,1,4,3,3,,4,5,4,5,2
1,1,microbiology,4,,,3,2,3,3,3,4,2,2,2,4,3,1,5,4,3,3,3,4,3,,4,4,4,4,2
2,1,"Molecular ecology,",2,,,1,1,6,6,6,5,6,5,6,5,3,2,5,5,5,5,4,5,4,,5,5,5,5,2
1,1,"Ecology, Systematics, Reef Diversity and Distribution",4,,,2,1,5,3,3,5,3,5,3,5,4,3,5,5,5,5,5,5,5,,5,5,5,5,2
1,1,"fisheries biology, population genetics",0,Assistant Professor,,3,2,4,6,6,4,6,4,6,4,2,3,5,5,5,5,4,5,5,,5,5,5,5,2
1,1,Fisheries Molecular Biology,2,,,3,1,5,6,6,5,6,5,6,5,2,3,5,5,5,5,5,1,5,,5,5,5,5,2
1,1,Aquaculture,6,,,3,1,5,5,6,5,6,5,5,5,2,3,5,5,5,5,5,5,5,,5,4,4,5,2
2,1,Ecology,2,,,3,1,6,6,6,5,5,5,6,5,1,2,5,5,5,5,5,5,5,,4,4,4,4,2
1,2,Engineering,1,,,2,1,6,5,2,6,2,6,2,6,3,4,5,5,5,5,5,5,5,,5,5,5,5,2
1,1,Population genetics,2,,,3,1,6,6,6,5,6,5,6,5,2,2,5,5,5,5,5,5,5,,5,5,5,5,2
1,1,Ecology,2,,,3,1,5,5,6,5,6,5,6,5,2,2,5,5,5,4,4,5,5,,5,5,5,5,2
1,1,"microbiology, genetics",4,,,1,1,4,3,1,3,1,4,1,4,2,2,5,4,4,4,3,4,4,,3,5,3,4,2
1,1,Genetics,4,,,2,1,5,6,6,5,6,5,6,5,4,3,5,5,5,5,5,5,5,,5,5,5,5,2
1,1,"Marine Biology, Genetics",2,,,3,1,1,1,,1,,1,,1,3,4,1,1,1,1,1,1,1,,5,5,5,5,2
1,1,biodiversity,6,,,3,2,3,6,6,4,6,4,6,4,3,2,4,4,4,4,3,4,4,,5,5,5,5,2
1,1,Marine Biology,2,,,2,1,4,6,6,4,6,4,6,5,2,3,5,4,5,4,4,5,5,,5,5,5,5,2
1,1,Fisheries,0,Instructor,,3,1,4,6,6,5,6,5,6,5,3,2,5,5,5,4,4,5,4,,4,5,5,5,2
1,1,marine biology,2,,,3,1,4,,,4,,4,,4,1,3,5,5,5,2,3,5,4,,5,5,4,5,2
1,1,"genetics, agriculture and aquaculture",4,,,3,1,5,5,6,5,6,5,6,5,3,4,5,5,5,4,5,5,5,,5,5,5,5,2
1,1,population genetics and molecular ecology,2,,,3,1,6,6,6,5,6,5,6,5,1,3,5,5,5,5,4,5,5,,5,5,5,5,2
1,1,Marine Biotechnology,2,,,1,2,4,6,6,5,6,4,6,4,3,2,5,5,5,5,4,5,5,,4,4,5,5,2
1,1,molecular biology,4,,,3,1,4,4,6,4,6,4,6,4,3,2,5,5,5,4,4,5,4,,3,4,4,5,2
1,1,marine science,2,,,2,1,6,6,6,5,5,5,6,5,3,3,5,5,5,5,5,5,5,,4,4,5,5,2
1,1,Molecular biology and ecology,6,,,2,1,,,,5,,,,,2,3,4,5,5,5,5,,4,,4,5,5,5,2
1,1,Marine Biology,2,,,3,1,4,6,6,5,6,4,6,5,3,3,5,5,5,5,4,5,5,,5,4,5,5,2
1,1,Genomics,2,,,2,1,5,,,5,,5,,5,3,3,5,5,5,5,5,5,4,,5,5,4,5,2
1,1,genetics,0,Scientist and Associate Professor,,3,1,5,6,6,5,6,5,6,5,3,3,5,5,5,5,5,5,5,,5,5,5,5,2
1,1,,4,,,1,1,6,6,6,5,6,5,6,5,4,4,5,5,5,4,5,5,5,,5,5,5,5,2
2,1,biology - botany,4,,,3,1,5,6,6,5,6,5,6,5,1,2,5,5,5,5,4,5,4,,4,5,5,5,2
1,1,ecology,0,Assistant Professor,,3,1,6,6,6,4,6,4,6,4,1,2,4,4,4,4,4,4,4,,5,5,5,5,2
1,1,Marine Science,2,,,3,1,6,6,6,5,6,5,6,5,3,3,5,5,5,4,5,5,5,,5,5,5,5,2
1,1,ecology,3,,,2,1,3,5,1,6,1,6,1,5,3,2,5,5,5,5,4,5,4,,4,5,4,5,2
1,1,fisheries,6,,,2,1,4,6,6,5,6,5,6,5,3,3,5,5,5,5,5,5,5,,5,5,5,5,2
1,1,Marine Science,0,Research Associate,,2,1,6,6,6,5,6,5,6,5,3,3,5,5,4,4,4,5,4,,4,5,5,4,2
1,1,Genetics,2,,,2,1,6,5,6,5,6,5,6,4,3,2,4,4,4,5,4,5,5,,5,4,4,4,2
2,1,plant biotechnology,2,,,2,1,5,6,6,4,6,4,6,4,2,3,4,4,4,4,4,5,4,,4,5,5,5,2
1,2,ecology,4,,,3,1,3,3,3,5,3,5,3,5,3,1,5,4,4,3,4,5,5,,5,5,5,5,1
1,2,Science,6,,,2,2,6,6,6,4,6,4,6,4,4,2,4,4,4,4,4,4,4,,5,5,5,5,1
1,1,,6,,,3,2,6,6,6,5,6,5,6,3,5,2,5,5,5,5,5,5,5,,5,5,5,5,1
1,2,environmental ,6,,,3,1,6,6,6,5,6,5,6,5,4,3,5,5,5,5,4,5,5,,5,5,5,5,1
1,2,ecology,6,,,2,1,6,6,6,5,6,5,6,5,4,1,5,5,5,1,5,5,5,,5,5,5,5,1
1,2,ecology,6,,,2,2,3,3,3,5,3,5,3,5,3,2,4,4,4,4,3,4,5,,5,5,5,5,1
1,2,ecology,0,Govt Scientist,,3,2,6,6,6,5,6,5,6,5,4,2,5,5,3,5,4,4,4,,5,5,5,5,1
1,2,ecology,0,Lead Agency Scientist,,2,1,5,5,,5,,5,,5,4,4,5,5,5,5,4,5,5,,5,5,5,5,1
2,,,,,,,,,,,,,,,,,,,,,,,,,,,,,,
2,1,hydrology & soil science,2,,,3,1,3,4,6,4,6,3,5,6,3,3,5,5,5,5,5,5,4,,5,5,5,5,1
2,1,social science- communication,6,,,2,1,3,5,6,4,6,5,4,6,3,3,5,5,5,5,4,5,5,,5,5,4,5,1
1,1,social science,2,,,2,1,4,5,6,5,6,5,6,6,4,3,5,5,5,5,5,5,5,,5,5,4,5,1
1,1,Epidemiology,2,,,3,1,4,4,6,4,6,4,6,6,3,2,4,5,5,5,4,4,4,,5,5,5,5,1
1,1,social science,1,,,2,1,5,5,1,4,1,4,1,3,2,3,5,5,5,4,4,4,4,,4,5,4,4,1
1,1,lingusitics,2,,,3,1,4,5,6,5,6,5,6,6,2,3,1,1,1,3,4,5,5,,5,5,5,5,1
1,1,Linguistics,2,,,2,1,5,4,6,4,6,4,6,6,3,2,5,5,5,5,5,5,5,,5,5,5,5,1
1,1,psychology,3,,,3,1,5,4,1,5,1,5,1,5,3,3,5,5,5,5,4,5,5,,5,5,5,5,1
1,1,Neurosciences,3,,,2,1,4,5,6,4,6,4,6,6,3,3,5,5,5,4,4,4,5,,4,5,4,5,1
1,1,Social Psychology,2,,,2,1,4,5,6,5,6,5,6,5,4,3,5,4,4,5,5,5,5,,5,5,5,5,1
1,1,political science,4,,,2,1,4,3,2,5,2,5,2,2,2,2,4,4,4,4,4,,4,,4,5,4,5,1
1,1,Neuroscience,2,,,3,2,4,5,6,3,6,4,6,6,3,2,5,5,5,4,4,4,4,,5,5,4,5,1
1,1,social sciences,2,,,2,1,3,4,6,4,6,4,6,6,4,2,5,4,3,3,4,5,4,,4,5,4,5,1
2,1,Psychology,2,,,2,1,3,5,6,4,6,5,6,6,4,2,5,5,5,5,4,5,5,,4,5,5,5,1
1,1,social science,2,,,2,2,4,4,6,3,6,4,6,4,2,1,5,5,5,3,2,3,4,,4,5,3,4,1
1,1,Sociology,2,,,3,1,4,4,1,4,1,4,1,1,4,3,5,4,4,5,5,5,5,,5,5,5,5,1
1,1,sociology,2,,,2,1,4,4,2,5,2,5,2,5,3,2,5,4,4,5,2,5,5,,5,5,4,5,1
1,,,,,,,,,,,,,,,,,,,,,,,,,,,,,,
1,1,sociology,2,,,3,1,2,4,6,4,6,4,6,2,4,1,4,4,5,5,4,4,4,,4,5,5,5,1
1,1,Social Science,2,,,2,1,5,5,6,5,6,5,6,6,3,3,5,4,4,5,5,4,5,,5,5,5,5,2
2,1,Plant Science,3,,,3,1,4,4,6,5,6,5,5,4,4,3,5,5,5,3,5,5,5,,5,5,5,5,1
2,1,Genomics,6,,,2,1,4,5,1,5,1,5,5,1,4,3,5,5,5,4,5,5,5,,5,5,5,5,1
2,1,molecular biology,6,,,1,2,4,3,2,4,2,4,3,4,3,2,4,5,5,5,4,4,4,,3,3,2,2,1
2,1,,6,,,2,2,5,5,6,5,6,5,5,5,1,2,5,5,5,5,4,5,4,,3,5,5,5,1
1,1,toxicology,0,Biological Science Technician,,3,1,5,5,4,5,4,5,5,5,4,4,5,5,5,5,5,5,5,,5,5,5,5,1
2,1,,,,,,,,,,,,,,,,,,,,,,,,,,,,,
1,1,microbiology,6,,,2,1,5,5,3,5,3,5,5,5,4,4,4,4,4,4,5,5,5,,5,5,5,5,1
1,1,Life Sciences,0,USDA Staff,,2,1,5,5,6,4,6,4,5,4,,4,4,4,4,4,5,5,5,,5,5,4,5,1
2,,,,,,,,,,,,,,,,,,,,,,,,,,,,,,
2,1,nutritional sciences,3,,,3,1,2,5,6,5,6,4,5,4,3,3,5,4,5,4,5,5,5,,5,5,5,5,1
2,1,geographic information science,6,,,3,1,4,4,5,5,5,5,5,5,4,3,5,5,5,5,5,5,5,,5,5,5,5,1
2,1,microbiology,2,,,2,1,4,4,6,5,6,5,5,5,3,2,5,5,5,5,5,5,5,,5,5,5,5,1
2,1,horticulture,2,,,2,1,3,4,2,4,2,4,4,3,2,2,4,5,5,4,4,4,4,,2,5,5,4,1
2,1,social science (urban planning),2,,,2,1,4,4,6,4,6,5,4,6,2,3,5,5,5,5,4,5,5,,5,5,4,5,1
2,1,landscape architecture,2,,,1,2,4,5,6,3,6,,4,6,3,2,4,4,4,4,4,4,4,,5,5,4,5,1
2,1,social science,2,,,2,1,5,5,6,5,6,5,5,5,2,3,5,4,4,4,4,5,4,,4,4,4,5,1
2,1,Environmental Engineering/Soil Science,3,,,2,1,5,5,6,5,6,5,5,6,3,3,5,5,5,5,5,5,5,,5,5,5,5,1
2,1,chemistry,2,,,3,1,5,5,6,5,6,5,5,5,2,4,5,5,5,5,4,4,4,,4,5,4,5,1
2,1,environmental science,2,,,3,1,4,5,6,4,6,5,5,5,3,3,5,5,5,5,5,5,5,,5,5,5,5,1
2,1,Ecology,6,,,3,1,3,5,6,5,6,5,5,6,4,4,5,5,5,5,5,5,5,,5,5,5,5,1
2,1,Nutrition/Public Health,2,,,1,2,3,4,4,4,4,4,5,5,3,2,5,4,4,4,3,4,4,,5,5,5,5,1
1,,,,,,,,,,,,,,,,,,,,,,,,,,,,,,
2,1,,,,,,,,,,,,,,,,,,,,,,,,,,,,,
2,1,Economics,1,,,2,1,5,5,6,4,6,4,5,5,1,3,5,5,5,5,4,5,5,,5,5,5,5,1
2,1,economics,2,,,2,1,5,4,6,5,6,5,5,5,4,3,4,4,4,4,4,4,4,,5,5,5,5,1
1,1,banking,6,,,3,2,3,5,2,4,2,5,4,3,5,2,5,5,5,2,4,5,4,,4,4,4,4,1
2,1,Economic data analysis ,2,,,3,2,3,3,2,4,2,4,3,2,3,1,4,4,4,3,3,4,4,,3,3,3,3,1
2,1,social science,6,,,2,2,3,5,2,3,2,3,4,3,4,2,5,5,5,4,4,4,4,,4,5,5,5,1
2,1,Engineering,2,,,2,2,4,3,4,3,4,3,4,3,3,2,5,4,4,4,4,4,4,,3,3,3,3,1
2,1,allied health sciences,4,,,1,2,5,5,3,6,3,6,5,5,3,2,5,4,4,4,4,4,4,,4,5,4,5,1
2,1,statistics,4,,,2,2,3,2,4,6,3,6,,,3,1,5,5,5,3,3,3,4,,3,4,2,4,1
2,1,social sciences,4,,,2,1,3,4,4,6,3,6,4,6,3,2,5,3,4,4,3,3,3,,4,4,3,3,1
1,1,Medical/Health Sciences,4,,,3,1,5,5,5,6,5,6,5,6,2,4,5,5,5,5,5,5,5,,5,5,5,5,1
1,1,Library sciences,4,,,2,2,5,5,4,6,3,6,4,5,2,2,5,4,4,5,4,4,4,,5,5,4,5,1
1,1,library and info science,4,,,1,2,5,4,4,6,5,6,5,6,4,3,5,5,5,5,4,4,5,,4,5,4,5,1
1,1,social science,4,,,2,1,1,5,5,6,5,6,5,3,4,3,5,4,4,4,3,5,5,,5,5,5,5,1
1,1,Microbiology,6,,,2,2,5,4,3,6,2,6,2,2,4,1,5,5,5,4,2,4,4,,4,5,4,5,1
1,1,Math Education,4,,,2,2,4,4,4,4,4,4,4,4,2,2,4,3,3,3,4,3,4,,3,3,3,3,1
1,1,"Graphic/Interaction Design, Data Viz",4,,,2,2,4,2,5,6,4,6,4,6,4,2,4,3,3,4,3,4,4,,3,5,4,4,1
1,1,statistics,4,,,2,1,4,4,5,6,5,6,5,6,4,4,4,4,4,4,4,4,5,,5,5,4,4,1
1,1,social science and humanities,4,,,2,2,4,4,4,6,3,6,5,4,1,2,4,4,4,3,3,4,4,,4,5,4,4,1
2,1,Infectious diseases,3,,,3,1,5,5,6,5,6,5,5,5,1,3,5,5,5,5,4,5,5,,5,5,5,5,1
1,1,,,,,,,,,,,,,,,,,,,,,,,,,,,,,
2,1,ecology,2,,,1,1,4,5,6,6,6,6,5,6,3,3,5,5,5,5,4,4,4,,4,5,4,5,1
2,1,Research support (libraries),6,,,2,1,4,5,6,5,6,4,4,6,3,3,5,5,5,5,4,5,5,,4,5,5,5,1
2,1,environmental studies,2,,,2,1,4,5,6,4,6,4,4,6,3,2,5,5,5,5,4,4,5,,4,5,5,5,1
2,1,health sciences,6,,,2,1,5,5,4,3,3,3,4,4,1,2,5,4,4,4,4,5,5,,4,5,3,4,1
2,1,Environmental Studies,2,,,2,1,4,5,6,5,6,5,5,5,4,3,5,5,5,5,4,5,5,,5,5,5,5,1
2,1,Ecology,2,,,2,1,3,5,6,4,6,4,5,6,4,3,4,5,5,3,4,4,4,,4,5,5,5,1
2,1,Computer Engineering,2,,,1,2,4,5,6,5,6,5,5,3,2,2,4,5,5,5,4,4,5,,5,5,5,5,1
2,1,microbiology,6,,,1,1,3,5,3,5,3,5,5,4,4,2,4,4,4,2,4,4,4,,4,5,4,5,1
2,1,virology,6,,,1,1,5,5,6,5,6,4,5,5,3,3,5,5,5,5,4,4,4,,4,5,4,5,1
2,1,molecular biology,2,,,2,2,5,6,6,4,6,4,6,4,3,2,5,3,3,4,3,3,4,,,5,2,2,2
2,1,CS,6,,,3,2,,,,,,,,,,,,,,,,,,,,,,,
2,1,immunology,2,,,2,2,5,6,6,5,6,5,6,5,4,2,5,3,4,4,4,4,5,,4,5,4,5,2
2,1,biology - immunology,3,,,2,2,5,,,5,,6,,6,4,4,5,5,5,,5,4,4,,5,4,5,4,2
2,1,Neuroscience,2,,,2,1,4,4,2,4,2,4,3,3,3,2,5,5,5,5,2,4,2,,3,5,4,4,2
2,1,Quantitative single cell biology,6,,,3,2,4,6,6,4,6,4,6,5,3,2,4,5,5,4,4,4,4,,4,5,4,3,2
2,1,regulatory genomics,2,,,3,2,6,6,6,2,6,2,6,2,4,1,4,4,4,4,4,5,5,,5,5,5,5,2
2,1,"Plant biology, Plant genomics",2,,,3,1,5,4,3,5,3,5,3,5,4,4,5,5,5,3,1,5,4,,5,5,4,5,2
2,1,networks & evolution,2,,,2,2,5,3,3,3,3,3,3,3,4,4,5,5,5,5,5,5,5,,4,4,4,4,2
1,1,plant molecular biology &  development,0,Researcher,,3,1,4,3,2,4,2,4,1,4,1,2,5,5,5,5,3,5,4,,5,5,5,5,2
1,1,conservation genomics,2,,,2,1,5,6,6,5,6,5,6,5,2,3,5,5,5,5,5,5,4,,4,5,4,5,2
2,1,molecular biology,2,,,2,2,4,4,3,5,3,5,4,4,1,2,4,4,4,4,3,3,4,,4,4,4,4,2
1,1,Plant Biology,1,,,3,1,5,6,6,5,6,5,6,5,3,4,1,1,1,1,5,5,4,,5,5,5,5,2
1,1,BIOINFORMATICS,1,,,3,1,4,4,4,4,4,4,4,5,5,4,4,4,4,4,5,2,4,,2,3,4,5,2
2,1,Molecular biology ,1,,,3,2,5,5,5,4,5,5,3,3,4,3,3,3,3,2,4,4,5,,3,4,5,5,2
2,1,immunology,2,,,2,2,2,2,6,6,6,4,,6,4,2,5,4,3,3,2,3,5,,4,4,3,4,2
2,1,Libraries,0,Librarian/Faculty,,2,2,2,5,6,4,6,4,4,4,2,2,5,5,5,5,2,4,4,,2,5,3,5,1
2,1,Immunology,2,,,3,2,,,,,,,,,,,,,,,,,,,,,,,
2,1,Immunology,2,,,3,2,5,6,6,4,6,4,6,5,3,2,5,4,4,3,2,3,2,,5,5,5,4,2
2,1,medical sciences,3,,,3,1,3,3,1,5,1,5,2,4,3,2,4,4,3,3,4,5,5,,5,5,5,4,2
2,1,Immunology,2,,,2,2,5,6,6,5,6,5,6,5,1,3,5,4,4,3,3,4,4,,5,5,5,5,2
2,1,,2,,,2,1,5,3,6,5,6,4,6,1,2,2,5,5,5,1,4,5,4,,,,,,
2,1,,2,,,3,2,5,6,6,5,6,4,6,4,3,2,4,3,4,3,4,4,5,,5,5,4,5,2
2,1,immunology,2,,,3,1,4,6,6,4,6,5,6,4,1,3,4,4,3,3,2,4,4,,4,4,4,4,2
2,1,Immunology,2,,,2,1,5,6,6,5,6,5,6,5,2,3,5,4,3,5,4,5,5,,5,5,5,5,2
2,1,Immunology,3,,,2,2,5,6,6,4,6,4,6,4,2,1,5,3,3,4,1,4,4,,2,3,2,3,2
2,1,Immunology,2,,,2,2,3,6,6,3,6,4,6,4,4,2,4,5,5,5,5,4,5,,3,5,5,5,2
2,,,,,,,,,,,,,,,,,,,,,,,,,,,,,,
2,,,,,,,,,,,,,,,,,,,,,,,,,,,,,,
2,1,,,,,,,,,,,,,,,,,,,,,,,,,,,,,
1,1,Data Management,6,,,2,1,3,1,6,1,6,2,2,3,5,2,1,1,1,1,4,5,5,,5,5,3,3,1
1,1,Research Methods and Statistics,2,,,1,2,3,5,2,4,2,3,5,5,3,2,4,4,4,4,4,4,4,,3,4,3,3,1
1,1,ecology,6,,,3,1,5,3,,5,6,4,2,6,3,3,1,1,1,1,4,4,4,,3,5,2,3,1
1,1,"science, consumer products",0,"professional, QA Manager",,2,1,4,5,6,5,6,4,5,5,3,2,5,5,5,4,3,5,5,,5,5,5,5,1
1,1,,6,,,1,2,4,4,6,4,6,6,4,6,1,3,5,5,3,4,4,5,4,,5,5,5,5,1
2,,,,,,,,,,,,,,,,,,,,,,,,,,,,,,
1,1,Biology,2,,,2,1,5,4,6,5,6,4,6,5,1,3,5,5,4,5,4,5,5,,,,,,
1,1,biology,2,,,2,1,5,5,6,5,6,4,6,4,2,2,5,4,4,3,5,5,5,,4,5,5,5,2
1,1,Ecology,2,,,3,1,5,5,3,5,3,5,3,5,3,3,5,5,5,5,4,5,5,,,,,,
1,1,Biology,1,,,3,1,5,4,1,5,1,5,3,5,2,3,5,4,4,4,4,5,4,,4,5,5,5,1
1,1,mycology,2,,,3,1,5,5,6,5,6,5,6,6,3,4,5,5,3,3,5,5,,,,,,,
1,1,Integrative Biology,1,,,2,1,5,5,6,5,6,5,6,5,2,3,5,5,5,3,4,5,5,,,,,,
1,1,ecology,4,,,3,1,5,5,6,5,6,5,6,5,3,4,5,5,5,5,5,5,5,,5,5,5,5,2
1,1,Ecology,1,,,1,2,4,5,6,3,6,3,6,5,1,3,5,4,3,3,3,5,5,,5,5,4,5,1
1,1,,2,,,1,1,3,5,6,3,6,3,6,3,3,3,5,5,4,5,5,5,5,,5,5,5,5,1
1,1,ecology,2,,,1,2,5,5,6,5,6,4,6,4,1,2,5,4,5,5,3,5,5,,5,5,5,5,1
1,1,BIOLOGY,2,,,2,1,5,5,6,5,6,5,6,4,2,3,5,5,5,5,4,5,5,,5,5,5,5,2
2,,,,,,,,,,,,,,,,,,,,,,,,,,,,,,
2,1,"High Throughput Screening, Biological Sciences, Drug Discovery",6,,,3,2,6,6,6,3,6,3,6,3,1,1,4,4,4,4,2,3,3,,2,4,2,2,1
2,1,,6,,,3,1,,,,5,,,,5,4,2,5,4,4,5,4,5,4,,5,5,4,5,1
2,1,molecular pathology,3,,,2,1,3,5,6,4,6,4,6,6,3,2,5,5,5,5,4,5,4,,4,5,5,5,2
2,,,,,,,,,,,,,,,,,,,,,,,,,,,,,,
2,,,,,,,,,,,,,,,,,,,,,,,,,,,,,,
1,,,,,,,,,,,,,,,,,,,,,,,,,,,,,,
2,1,Ecology,3,,,2,1,3,5,1,5,1,5,1,3,4,4,5,5,5,5,5,5,5,,5,5,5,5,2
2,1,ecology,0,Postgraduate student,,2,2,1,1,1,4,1,4,4,4,2,1,4,4,4,3,3,2,3,,3,4,3,4,2
2,1,ecology,4,,,3,2,4,4,6,4,6,4,6,4,4,1,5,4,4,4,4,4,4,,5,5,4,5,2
1,1,social science,0,Federal government staff,,3,1,6,6,6,5,6,5,6,5,4,2,5,5,5,2,5,5,5,,5,5,5,5,1
1,1,Molecular Cell Biology,0,Tech IRTA (postbac) ,,2,1,4,6,6,6,6,6,6,5,2,3,5,5,5,5,5,5,5,,5,5,5,5,1
1,1,Neuroscience,0,Scientific Review Officer,,2,1,4,6,6,4,6,5,6,5,1,2,5,5,5,5,4,5,4,,5,5,5,5,1
1,1,biophysics,3,,,1,1,5,,,5,,5,,,3,3,4,4,4,,3,2,4,,5,5,5,4,1
1,1,semantic codes and text,6,,,2,1,4,3,3,5,3,5,3,4,3,3,5,5,5,5,5,5,5,,5,5,5,5,1
1,1,immunology,3,,,1,1,5,1,1,5,1,4,3,5,2,3,5,5,5,5,5,4,4,,4,4,4,,1
1,1,genetics,6,,,2,2,4,6,6,4,6,4,6,4,3,3,4,4,4,4,4,4,4,,4,5,5,5,1
1,2,developmental biology,3,,,3,1,5,5,6,4,6,4,6,5,5,4,5,5,5,5,4,5,1,,5,5,5,5,1
1,1,Genetics,6,,,1,2,4,4,4,4,6,4,6,5,3,2,4,5,5,5,4,5,3,,4,5,4,5,1
1,1,neurobiology,3,,,2,1,5,6,6,5,6,5,6,5,2,3,4,4,4,4,4,4,4,,5,5,5,5,1
1,1,neuroimaging,1,,,3,1,5,6,6,5,6,5,6,5,1,3,5,5,5,3,5,5,5,,5,5,5,5,1
2,1,"Economics, banking, finance",6,,,2,1,5,5,4,4,4,4,5,4,2,3,5,5,4,4,3,5,5,,4,5,4,5,1
2,1,Molecular Microbiology,3,,,2,2,4,6,6,5,6,5,6,5,4,3,5,5,5,4,5,4,4,,5,5,5,5,2
2,1,ecology,0,Government researcher/manager,,3,1,6,6,6,5,6,5,6,5,3,1,1,3,3,3,3,5,5,,5,5,5,5,1
2,1,Ecology,6,,,2,2,6,6,6,4,6,4,6,4,4,2,4,4,2,2,4,4,4,,5,5,5,5,1
1,1,environmental,6,,,3,1,4,6,6,5,6,5,6,5,4,3,5,5,5,5,5,5,5,,5,5,5,5,1
1,1,ecology,6,,,3,1,6,6,6,5,6,5,6,5,5,2,5,4,5,1,5,5,5,,5,5,5,5,1
2,1,ecology,0,research scientist,,3,1,5,1,1,5,1,5,1,5,3,3,4,4,4,5,5,5,5,,5,5,5,5,1
1,1,ecology,6,,,2,2,4,6,6,4,6,4,6,5,4,1,5,5,5,4,4,4,3,,4,5,4,4,1
1,1,ecology,6,,,3,1,3,4,6,5,6,5,3,5,3,2,5,5,5,4,4,5,5,,5,5,5,5,1
1,1,ecology,6,,,2,2,3,4,6,5,6,5,6,5,1,3,5,4,3,4,4,5,5,,5,5,5,5,1
1,1,ecology,0,lead scientist,,3,1,6,6,6,5,6,5,5,5,3,2,5,5,5,5,5,5,5,,5,5,5,5,1
1,1,ecology,3,,,2,1,3,6,6,5,6,5,6,5,4,1,5,5,3,4,3,5,1,,4,5,5,5,1
2,1,Next Generation Sequencing,2,,,3,1,5,5,6,5,6,5,5,6,4,4,5,5,5,5,5,5,5,,5,5,5,5,2
2,1,inflammation and cardiovascular disease,3,,,2,1,3,4,3,4,3,4,4,4,4,2,4,4,3,4,3,5,5,,5,5,5,5,2
2,1,Molecular Biology ,0,"Research Support Officer, M.Sc. student",,2,1,5,4,6,5,6,4,5,6,3,2,5,4,4,4,4,5,5,,5,5,5,5,2
2,1,Molecular Pathology Research,2,,,2,1,3,5,3,5,3,5,3,3,4,2,5,4,5,4,5,5,4,,5,1,4,5,2
2,1,Environmental Public Health,2,,,2,1,4,4,6,4,6,4,6,3,3,2,4,4,3,3,2,5,5,,4,5,5,5,2
2,1,molecular biology,6,,,2,1,2,5,6,5,6,5,4,3,3,2,4,4,3,4,2,5,4,,5,5,4,5,2
2,1,Bochemistry,3,,,3,1,5,4,3,4,3,4,4,4,4,3,5,4,4,4,4,4,4,,4,5,5,5,2
2,1,molecular genetics,2,,,1,2,5,5,1,5,1,5,4,5,4,2,5,3,4,4,3,4,5,,5,5,4,4,2
2,1,genetics,3,,,2,1,5,5,2,5,2,5,5,5,1,2,4,3,4,4,3,5,4,,4,3,4,5,2
2,1,Genetics,6,,,1,1,5,4,6,5,6,5,3,4,2,2,5,5,5,5,4,5,5,,5,5,5,4,2
2,1,structural biology,2,,,1,2,3,3,3,3,3,3,3,3,5,1,5,5,5,2,4,4,4,,5,5,5,5,2
2,1,immunology,2,,,3,2,4,4,6,4,6,4,4,3,3,2,1,1,3,4,2,4,5,,3,3,2,3,2
2,1,genetics ,2,,,1,1,3,5,6,5,6,5,5,6,3,2,5,4,4,5,3,5,4,,5,4,5,5,2
2,1,human molecular genetics,0,University lecturer,,3,1,3,5,6,5,6,5,5,6,4,4,5,5,5,3,5,5,5,,4,4,5,5,2
2,1,social science,6,,,1,2,3,4,6,3,6,4,3,6,3,1,5,4,4,2,3,4,4,,5,5,5,5,2
2,1,Cancer genomics,2,,,2,1,5,3,6,5,6,5,4,3,3,3,5,5,5,4,5,5,5,,4,5,5,5,2
2,1,IT,6,,,2,1,4,4,1,4,3,4,4,4,2,2,4,4,4,4,4,4,5,,5,5,5,5,2
2,1,"Genetics, Haematology",6,,,2,1,5,5,6,5,6,5,4,5,3,3,5,4,4,4,4,5,4,,5,4,5,5,2
2,1,Neuroscience,3,,,2,1,4,4,6,4,6,4,3,6,2,2,5,4,4,4,4,4,4,,5,5,5,5,2
2,1,psychiatry,3,,,3,1,4,5,6,4,6,4,4,6,2,3,5,5,4,4,4,4,5,,5,5,5,5,2
2,1,medical research,3,,,2,1,5,4,6,4,6,4,4,3,2,3,5,5,5,5,3,5,5,,5,5,5,5,2
1,1,Cell biology,3,,,2,1,4,5,6,5,6,5,4,4,3,4,5,5,5,5,4,5,5,,5,5,5,5,2
1,1,biochemistry/proteomics/systems biology,6,,,2,1,5,5,6,4,6,4,3,6,2,2,5,5,5,5,4,4,4,,5,5,5,5,2
2,1,Medical/biological science,3,,,1,2,3,5,2,3,2,4,5,3,3,2,4,4,4,4,3,3,4,,5,5,4,4,2
2,1,Rare Disease,6,,,2,1,5,3,6,5,6,5,4,6,3,2,5,5,5,5,4,5,5,,5,5,5,5,2
2,1,Bioinformatics,6,,,3,1,4,5,6,5,6,5,5,6,4,4,5,5,5,2,4,4,4,,5,5,5,5,2
2,1,,,,,,,,,,,,,,,,,,,,,,,,,,,,,
2,1,Biotechnology,3,,,1,2,5,5,6,4,6,4,4,6,2,2,5,5,4,4,4,4,3,,5,5,4,5,2
2,1,education,2,,,2,2,,,,,,,,,,,,,,,,,,,,,,,
2,1,Genetics,6,,,2,1,5,4,6,4,6,4,4,3,4,3,5,5,5,3,4,5,5,,5,5,5,5,2
2,1,stem cell biology,2,,,1,2,4,5,2,4,2,3,3,3,3,2,5,5,5,5,3,3,4,,4,4,5,5,2
2,1,Economics,2,,,1,1,5,5,6,5,6,5,3,3,2,3,4,5,4,5,4,5,5,,4,4,5,5,2
2,1,data management,6,,,2,2,4,4,4,4,4,4,4,4,4,2,5,4,4,4,3,4,4,,5,5,5,5,1
1,1,cancer research,6,,,2,1,4,5,,4,3,3,3,3,3,3,4,4,3,3,4,4,4,,5,5,5,5,2
2,1,,,,,,,,,,,,,,,,,,,,,,,,,,,,,
2,1,data management,0,librarian,,2,1,5,5,6,5,6,5,5,6,2,2,5,4,4,4,4,4,5,,5,5,5,5,1
2,2,library science,4,,,3,2,4,5,6,4,6,4,4,6,4,2,5,4,4,4,3,4,5,,5,5,5,5,1
2,1,Librarian - social science & humanities,0,Librarian,,2,2,3,4,6,4,6,4,3,3,3,2,5,5,5,5,4,4,5,,4,4,4,4,1
1,1,,2,,,3,1,,,,,,,,,,,,,,,,,,,,,,,
2,1,biotechnology,0,Industry - Research Associate,,3,1,3,1,4,6,4,6,5,4,4,2,5,3,3,4,2,4,4,,2,5,3,5,1
2,1,biochemistry,6,,,3,1,5,2,4,6,4,6,5,5,4,1,5,5,5,5,3,5,4,,4,5,4,5,1
2,1,biomedical,0,librarian,,3,1,4,5,6,5,6,5,5,6,2,2,4,4,5,5,5,5,5,,5,5,5,5,1
2,1,Microbiology epidemiology,6,,,2,2,6,6,6,4,6,4,6,3,4,1,5,5,5,5,5,5,5,,5,5,5,5,2
1,1,ecology and microbiology,2,,,2,1,4,6,6,5,6,5,6,5,2,3,5,5,4,5,5,5,4,,5,5,5,5,2
2,1,microbiology-bioinformatics,2,,,2,2,4,6,6,5,6,5,6,4,3,2,4,4,4,3,3,4,4,,4,5,5,5,2
1,1,Microbiologuy,3,,,2,2,2,6,6,5,6,4,6,2,4,2,5,5,5,5,4,3,4,,4,5,4,4,2
1,1,micro/molecularbiology,2,,,2,2,5,2,2,4,2,4,4,4,3,2,4,4,4,3,3,4,4,,3,5,5,5,2
1,1,Science,6,,,1,2,,,,,,,,,,,,,,,,,,,,,,,
1,1,Epidemiology,2,,,3,2,,,,,,,,,,,,,,,,,,,,,,,
1,1,biology,2,,,2,2,5,6,6,5,6,5,6,3,3,2,5,5,,3,3,4,4,,5,5,4,5,2
1,1,Ecology,2,,,3,2,5,6,6,5,6,5,4,5,3,2,5,5,5,4,4,5,5,,4,5,5,5,2
2,1,librarianship,4,,,3,1,5,5,6,5,6,5,4,4,4,2,5,4,3,3,4,5,5,,5,5,5,5,1
2,,,,,,,,,,,,,,,,,,,,,,,,,,,,,,
2,2,library science,0,"Librarian, faculty member",,3,2,4,5,6,5,6,4,4,4,3,2,5,4,4,5,4,5,5,,5,5,5,5,1
2,1,library science,4,,,2,1,5,5,6,4,6,3,5,2,2,2,5,3,4,4,4,5,4,,4,5,5,3,1
2,1,Social science - librarianship and data mangement,4,,,1,2,3,4,6,3,6,4,3,4,3,2,5,4,4,4,4,4,4,,4,5,4,5,1
2,1,,4,,,2,2,3,5,6,4,6,4,5,4,3,3,4,3,3,2,4,4,4,,4,5,4,5,1
2,1,library science,6,,,3,1,4,5,6,5,6,5,3,6,3,2,5,5,5,4,4,5,5,,4,5,5,5,1
2,1,"Biology, information services",4,,,2,2,4,4,6,4,6,4,4,6,3,2,5,5,5,5,4,4,4,,4,5,4,5,1
2,1,library science,4,,,2,1,4,4,6,4,6,4,4,4,3,2,5,4,5,4,4,5,4,,4,5,4,4,1
2,2,Information science (social science),3,,,2,1,4,4,6,5,6,5,5,6,3,3,5,5,4,5,4,5,4,,5,5,5,5,1
2,1,information science,0,librarian,,3,2,5,4,6,5,6,3,4,6,4,3,5,3,4,4,4,4,4,,3,5,4,5,1
2,1,Libraries,6,,,3,1,3,3,6,5,6,5,4,6,4,2,5,5,5,1,4,5,5,,3,5,3,4,1
2,1,engineering,0,industry,,2,2,4,2,4,1,4,1,5,4,3,2,4,4,4,4,4,4,4,,3,5,5,5,1
2,1,Molecular biology,6,,,2,2,4,4,4,1,4,1,1,1,3,1,4,3,3,4,2,4,3,,2,3,3,4,1
2,1,biochemistry,4,,,2,2,3,3,4,3,3,3,4,4,3,2,4,4,4,4,3,4,3,,3,4,3,3,1
2,1,Molecular Biology,1,,,1,3,,,,,,,,,,,,,,,,,,,,,,,
2,1,Molecular and microbiology,0,Scientist,,2,2,4,4,3,6,3,6,5,2,4,2,4,4,3,3,4,5,4,,3,4,3,4,1
2,1,biochemistry,0,Industry Sr. research associate,,2,2,4,2,5,6,4,6,4,4,2,2,4,4,4,4,3,4,4,,5,5,5,5,1
2,1,biochemistry,0,industry researcher,,2,2,4,6,5,6,4,6,5,5,2,2,4,4,4,4,4,5,4,,5,5,5,5,1
2,1,Microbiology,6,,,2,2,3,1,1,2,2,1,1,1,3,2,4,4,4,4,2,2,4,,2,5,4,5,1
2,1,Molecular biology,0,Research Associate,,1,1,4,6,4,6,4,6,4,4,2,2,5,4,4,4,3,4,5,,5,5,5,5,1
2,1,Molecular biology,0,Scientist in industry,,2,2,,,,,,,,,,,,,,,,,,,,,,,
1,1,microbiology,6,,,3,1,4,5,5,6,5,6,5,6,5,3,5,5,5,5,5,5,5,,5,5,5,5,1
2,1,"biochemistry, protein eng",6,,,3,2,5,3,4,1,4,1,4,4,2,1,5,5,5,5,3,1,1,,4,5,4,5,1
2,1,Molecular Biology,0,Industry,,3,2,4,6,4,6,4,6,5,4,3,2,5,5,5,5,5,4,5,,4,5,5,5,1
2,1,Veterinary Medicine,4,,,3,1,5,4,4,4,3,4,2,4,3,2,5,5,3,5,4,5,5,,5,5,5,5,1
2,1,microbiology,0,courtesy faculty,,2,1,5,5,5,5,5,5,5,5,1,2,5,5,5,5,4,5,5,,4,5,5,5,1
2,1,Public Policy ,2,,,1,1,5,5,2,5,3,3,4,3,3,3,4,4,4,4,4,4,4,,5,5,5,5,1
2,1,Social Science ,2,,,3,1,3,4,2,4,4,4,6,4,2,2,5,5,5,3,5,5,5,,5,5,5,5,1
2,1,chemical engineering,2,,,2,1,5,5,5,5,5,5,5,5,3,2,4,4,4,4,4,5,5,,5,5,5,5,1
2,1,Microbiology,3,,,2,1,5,5,2,5,2,5,2,2,2,2,5,4,4,3,4,4,4,,4,4,4,5,1
2,1,Genetics,6,,,2,1,6,6,6,6,6,6,6,4,3,2,5,3,3,3,3,5,4,,4,5,4,5,1
2,1,software engineering,6,,,1,2,4,5,3,4,3,4,3,3,3,2,4,4,4,4,4,4,4,,5,5,5,5,1
2,1,plant genetics,0,Government scientist,,2,1,5,4,6,4,6,4,4,6,4,2,5,4,4,4,4,5,4,,3,4,3,5,1
2,1,microbiology/proteomics,0,Microbiologist,,2,1,4,4,6,4,6,4,4,4,3,3,4,4,4,4,4,4,4,,4,5,4,5,1
2,1,bone biology,3,,,2,2,6,6,6,4,6,4,6,4,4,1,5,5,5,5,3,2,2,,2,5,2,2,1
2,1,ramndom,,,,,,,,,,,,,,,,,,,,5,,,,,,,,1
2,1,Biology,0,career research assistant,,2,1,6,6,4,6,6,6,6,4,4,2,4,4,4,4,4,5,4,,5,5,,5,1
1,1,Biological sciences molecular biology,6,,,2,1,1,1,1,1,1,1,1,4,2,2,4,3,3,3,3,4,3,,3,3,4,4,1
1,1,computational biology,6,,,3,1,6,6,6,6,6,6,6,5,3,3,5,4,4,4,4,5,4,,5,5,5,5,1
1,2,RNA Biology,2,,,3,1,5,5,6,6,6,6,6,5,3,2,1,1,1,1,4,5,1,,5,5,5,5,1
1,1,genetics,6,,,3,1,,,,,,,,,,,,,,,,,,,,,,,
2,1,genetics,6,,,2,1,,,,,,,,,,,,,,,,,,,,,,,
1,1,genetics,3,,,3,1,1,1,1,1,1,1,1,6,1,2,5,5,4,4,3,5,5,,4,5,4,5,1
1,1,Neuroscience,2,,,3,1,6,6,6,6,6,6,6,5,1,3,5,4,3,3,4,5,5,,5,5,5,5,1
2,1,,6,,,2,1,3,5,6,4,6,4,4,6,4,2,5,4,3,4,3,4,3,,4,5,4,5,1
2,1,Biology,2,,,2,2,4,4,4,4,4,4,4,4,1,2,4,4,4,4,3,4,4,,3,4,3,3,1
2,1,Bioinformatics,2,,,3,1,6,6,6,5,6,5,6,5,3,3,5,5,5,5,5,5,5,,5,5,5,5,1
1,1,genomics,0,Research Assistant,,3,2,4,2,2,2,2,2,2,6,2,2,5,5,5,5,5,5,5,,5,5,5,5,1
1,1,computer science,6,,,2,2,3,3,6,6,6,6,6,3,1,2,5,5,5,5,3,4,5,,5,5,5,5,1
1,1,Information Technology,6,,,1,1,,,,,,,,,,,,,,,,,,,,,,,
1,2,Genetics,6,,,1,1,5,6,6,6,6,6,6,5,1,3,5,5,5,5,4,5,5,,4,5,5,5,1
2,1,microbiology,6,,,2,2,4,1,1,4,1,4,1,3,3,2,5,4,4,4,2,4,3,,3,2,3,3,1
2,1,,6,,,1,3,3,6,6,3,6,3,6,3,4,1,4,4,3,3,3,2,3,,3,5,4,4,1
2,1,Genetics,2,,,2,2,4,3,3,4,3,4,3,5,3,2,4,4,4,4,2,4,4,,3,3,4,3,1
2,1,Bioinformatics,2,,,3,2,5,5,2,5,2,5,2,5,3,3,5,5,5,5,4,5,5,,4,5,5,5,1
2,1,Cancer Research,3,,,2,1,1,6,6,1,6,1,6,1,3,3,5,5,5,3,4,5,1,,4,5,4,5,1
2,1,Neuroscience,2,,,3,1,,,,,,,,,,,,,,,,,,,,,,,
2,1,,6,,,2,2,4,4,4,4,3,4,4,4,4,2,4,4,3,4,3,4,4,,4,4,4,5,1
2,1,,1,,,2,2,4,5,4,4,4,4,4,4,4,2,5,5,5,5,4,3,4,,3,3,3,5,1
2,1,economics,6,,,2,2,4,5,6,6,6,6,6,6,4,2,5,5,5,5,4,4,5,,5,5,3,4,1
2,1,Consumer Finance,2,,,1,2,3,4,2,4,2,4,4,2,4,2,5,5,5,4,4,4,4,,5,5,3,4,1
2,1,biochemistry,3,,,3,1,3,6,6,4,6,4,6,5,2,4,5,5,4,2,4,5,5,,4,5,5,5,1
2,,,,,,,,,,,,,,,,,,,,,,,,,,,,,,
2,1,statistics,0,emplouee,,2,2,4,4,2,4,2,4,4,3,3,2,4,4,4,4,3,3,3,,3,3,2,2,1
1,1,pharmacology,3,,,3,1,6,3,6,5,6,5,6,5,2,2,5,5,5,5,5,5,5,,4,5,5,5,1
2,1,social science,6,,,1,2,4,3,3,4,3,3,3,5,3,2,5,4,5,4,3,4,4,,3,3,2,4,1
1,1,"neurology, genetics",4,,,2,1,6,6,6,4,6,4,6,4,2,2,4,4,4,4,4,4,4,,4,5,4,5,1
1,1,IT support for bioinformatics,6,,,1,2,3,4,4,4,,5,,3,4,2,5,5,5,4,4,4,4,,4,4,4,4,1
1,1,neuroscience,2,,,2,1,4,1,1,4,1,4,1,5,2,3,5,5,5,5,4,5,4,,5,5,5,5,1
1,1,Biochemistry,4,,,2,1,4,,,4,,4,,4,1,2,5,5,5,,2,5,5,,5,5,5,5,1
1,1,,,,,,,,,,,,,,,,,,,,,,,,,,,,,
1,1,developmental/regenerative biology,2,,,3,2,4,2,2,5,1,5,1,4,1,2,4,4,4,1,3,4,4,,5,5,3,4,1
1,1,Neuroscience,1,,,1,1,5,6,6,5,5,5,5,5,2,3,5,5,5,5,4,4,5,,5,5,5,5,1
2,1,economics,6,,,1,2,,,,,,,,,,,,,,,,,,,,,,,
2,1,CS,6,,,3,2,4,4,1,4,1,4,4,1,3,2,5,5,5,3,3,4,4,,3,3,3,5,1
1,1,biomedical sciences (hematology),3,,,2,1,5,6,6,5,6,5,6,5,1,2,5,5,5,3,5,5,4,,5,5,5,5,1
2,1,,2,,,3,1,5,5,6,5,6,,5,,4,2,5,5,5,4,5,5,5,,5,5,5,5,1
2,1,,6,,,2,2,,,,,,,,,,,,,,,,,,,,,,,1
2,2,genetics,6,,,3,2,3,6,6,5,6,4,6,3,3,1,4,4,4,5,4,4,4,,5,5,4,5,2
2,1,Molecular-and Microbiology,3,,,2,1,3,3,4,5,3,5,4,4,4,2,5,5,4,3,4,5,5,,5,4,4,5,2
2,1,bioinformatics,2,,,2,1,5,4,3,5,3,5,3,5,3,3,4,4,3,3,4,5,5,,5,5,4,5,1
2,1,Biochemistry ,2,,,2,2,4,4,3,4,3,4,3,4,,2,4,5,4,4,4,4,4,,4,5,5,5,2
2,1,Microbiology,3,,,2,1,3,4,4,4,4,4,2,4,3,3,4,4,4,4,3,4,4,,5,5,5,5,2
2,2,physiology,3,,,3,1,4,6,6,5,6,5,6,5,3,3,4,4,4,3,5,4,4,,4,5,4,5,2
2,2,"Microbiology, ecology and evolution",6,,,2,2,3,6,6,5,6,4,6,2,4,2,5,5,5,5,5,3,5,,5,5,5,5,2
2,1,cell biology,3,,,2,2,6,6,6,3,6,3,6,4,2,1,4,4,4,4,2,3,4,,4,5,4,5,2
2,2,Microbiology,3,,,3,1,1,1,1,1,1,1,1,5,3,2,4,5,5,1,1,4,3,,2,4,3,5,2
2,1,genetics,2,,,1,2,4,4,5,5,4,5,4,5,1,2,5,5,5,4,4,4,4,,4,4,4,4,2
2,,,,,,,,,,,,,,,,,,,,,,,,,,,,,,
2,,,,,,,,,,,,,,,,,,,,,,,,,,,,,,
1,1,chemistry and biochemistry,3,,,2,1,5,5,6,5,6,5,5,,3,3,5,5,5,5,4,4,5,,5,2,4,5,1
1,1,ecology,6,,,2,1,2,5,6,5,6,5,5,,4,2,5,4,5,5,4,5,4,,4,5,4,5,1
1,1,animal behaviour,6,,,2,2,4,5,1,5,1,5,4,,4,3,5,5,5,4,5,4,4,,5,5,4,5,1
1,2,astrophysics,4,,,1,2,3,3,6,3,6,3,3,,4,2,5,4,5,2,4,4,4,,4,5,4,4,1
1,1,Biology,2,,,3,1,4,5,6,5,6,4,4,,3,3,5,5,5,5,5,5,5,,4,5,4,4,1
1,1,"Biology-genomics, pop bio",2,,,2,1,4,5,6,4,6,5,5,,4,3,5,5,5,5,4,5,5,,4,5,4,5,1
1,1,Computer Science,2,,,2,2,5,5,6,5,6,5,5,,3,3,5,5,5,5,5,4,5,,5,5,5,5,1
1,1,cancer genomics,4,,,3,1,5,5,,4,,5,5,,2,4,4,4,4,4,5,5,5,,5,5,5,5,1
1,1,Astronomy,3,,,2,1,4,5,6,5,6,5,4,,2,2,4,5,5,4,5,4,1,,5,5,5,5,1
1,1,mathematics,0,I work in industry.,,3,1,3,4,6,5,6,5,5,,3,3,5,5,5,5,5,5,5,,5,5,5,5,1
1,1,microbiology,6,,,3,1,,,,,,,,,,,,,,,,,,,,,,,
1,1,Chemistry Education Research,3,,,3,1,5,5,6,4,6,4,4,,3,3,5,5,5,5,3,5,5,,4,5,5,5,1
